Methods,Value 
count,95662.0
mean,-3182.7375081014397
std,17692.308422485323
min,-2000000.0
25\%,-100.0
50\%,0.0
75\%,0.0
max,0.0
